Workbook

Sheet Datos
A1: Marca temporal | B1: Vasos de agua que tomas | C1: Horas de sueño promedio | D1: Horas de actividad física | E1: Nivel de energía | G1: Agua (número) | H1: Sueño (número) | I1: Actividad (número)
A2: 46317.532 | B2: 1 | C2: 4 | D2: 4 | G2: =IF(TRIM(B2)="","",IFERROR(VALUE(B2),IFERROR((VALUE(LEFT(TRIM(B2),SEARCH(" o ",TRIM(B2))-1))+VALUE(LEFT(MID(TRIM(B2),SEARCH(" o ",TRIM(B2))+3,99),FIND(" ",MID(TRIM(B2),SEARCH(" o ",TRIM(B2))+3,99)&" ")-1)))/2,IFERROR(VALUE(LEFT(TRIM(B2),FIND(" ",TRIM(B2)&" ")-1)),"")))) | H2: =IF(TRIM(C2)="","",IFERROR(VALUE(C2),IFERROR((VALUE(LEFT(TRIM(C2),SEARCH(" o ",TRIM(C2))-1))+VALUE(LEFT(MID(TRIM(C2),SEARCH(" o ",TRIM(C2))+3,99),FIND(" ",MID(TRIM(C2),SEARCH(" o ",TRIM(C2))+3,99)&" ")-1)))/2,IFERROR(VALUE(LEFT(TRIM(C2),FIND(" ",TRIM(C2)&" ")-1)),"")))) | I2: =IF(TRIM(D2)="","",IFERROR(VALUE(D2),IFERROR((VALUE(LEFT(TRIM(D2),SEARCH(" o ",TRIM(D2))-1))+VALUE(LEFT(MID(TRIM(D2),SEARCH(" o ",TRIM(D2))+3,99),FIND(" ",MID(TRIM(D2),SEARCH(" o ",TRIM(D2))+3,99)&" ")-1)))/2,IFERROR(VALUE(LEFT(TRIM(D2),FIND(" ",TRIM(D2)&" ")-1)),""))))
A3: 46317.532 | B3: 5 | C3: 6 | D3: 8 | G3: =IF(TRIM(B3)="","",IFERROR(VALUE(B3),IFERROR((VALUE(LEFT(TRIM(B3),SEARCH(" o ",TRIM(B3))-1))+VALUE(LEFT(MID(TRIM(B3),SEARCH(" o ",TRIM(B3))+3,99),FIND(" ",MID(TRIM(B3),SEARCH(" o ",TRIM(B3))+3,99)&" ")-1)))/2,IFERROR(VALUE(LEFT(TRIM(B3),FIND(" ",TRIM(B3)&" ")-1)),"")))) | H3: =IF(TRIM(C3)="","",IFERROR(VALUE(C3),IFERROR((VALUE(LEFT(TRIM(C3),SEARCH(" o ",TRIM(C3))-1))+VALUE(LEFT(MID(TRIM(C3),SEARCH(" o ",TRIM(C3))+3,99),FIND(" ",MID(TRIM(C3),SEARCH(" o ",TRIM(C3))+3,99)&" ")-1)))/2,IFERROR(VALUE(LEFT(TRIM(C3),FIND(" ",TRIM(C3)&" ")-1)),"")))) | I3: =IF(TRIM(D3)="","",IFERROR(VALUE(D3),IFERROR((VALUE(LEFT(TRIM(D3),SEARCH(" o ",TRIM(D3))-1))+VALUE(LEFT(MID(TRIM(D3),SEARCH(" o ",TRIM(D3))+3,99),FIND(" ",MID(TRIM(D3),SEARCH(" o ",TRIM(D3))+3,99)&" ")-1)))/2,IFERROR(VALUE(LEFT(TRIM(D3),FIND(" ",TRIM(D3)&" ")-1)),""))))
A4: 46317.532 | B4: 8 | C4: 10 | D4: 3 | G4: =IF(TRIM(B4)="","",IFERROR(VALUE(B4),IFERROR((VALUE(LEFT(TRIM(B4),SEARCH(" o ",TRIM(B4))-1))+VALUE(LEFT(MID(TRIM(B4),SEARCH(" o ",TRIM(B4))+3,99),FIND(" ",MID(TRIM(B4),SEARCH(" o ",TRIM(B4))+3,99)&" ")-1)))/2,IFERROR(VALUE(LEFT(TRIM(B4),FIND(" ",TRIM(B4)&" ")-1)),"")))) | H4: =IF(TRIM(C4)="","",IFERROR(VALUE(C4),IFERROR((VALUE(LEFT(TRIM(C4),SEARCH(" o ",TRIM(C4))-1))+VALUE(LEFT(MID(TRIM(C4),SEARCH(" o ",TRIM(C4))+3,99),FIND(" ",MID(TRIM(C4),SEARCH(" o ",TRIM(C4))+3,99)&" ")-1)))/2,IFERROR(VALUE(LEFT(TRIM(C4),FIND(" ",TRIM(C4)&" ")-1)),"")))) | I4: =IF(TRIM(D4)="","",IFERROR(VALUE(D4),IFERROR((VALUE(LEFT(TRIM(D4),SEARCH(" o ",TRIM(D4))-1))+VALUE(LEFT(MID(TRIM(D4),SEARCH(" o ",TRIM(D4))+3,99),FIND(" ",MID(TRIM(D4),SEARCH(" o ",TRIM(D4))+3,99)&" ")-1)))/2,IFERROR(VALUE(LEFT(TRIM(D4),FIND(" ",TRIM(D4)&" ")-1)),""))))
A5: 46317.533 | B5: 3 vasos | C5: 7 horas | D5: 1 hora | G5: =IF(TRIM(B5)="","",IFERROR(VALUE(B5),IFERROR((VALUE(LEFT(TRIM(B5),SEARCH(" o ",TRIM(B5))-1))+VALUE(LEFT(MID(TRIM(B5),SEARCH(" o ",TRIM(B5))+3,99),FIND(" ",MID(TRIM(B5),SEARCH(" o ",TRIM(B5))+3,99)&" ")-1)))/2,IFERROR(VALUE(LEFT(TRIM(B5),FIND(" ",TRIM(B5)&" ")-1)),"")))) | H5: =IF(TRIM(C5)="","",IFERROR(VALUE(C5),IFERROR((VALUE(LEFT(TRIM(C5),SEARCH(" o ",TRIM(C5))-1))+VALUE(LEFT(MID(TRIM(C5),SEARCH(" o ",TRIM(C5))+3,99),FIND(" ",MID(TRIM(C5),SEARCH(" o ",TRIM(C5))+3,99)&" ")-1)))/2,IFERROR(VALUE(LEFT(TRIM(C5),FIND(" ",TRIM(C5)&" ")-1)),"")))) | I5: =IF(TRIM(D5)="","",IFERROR(VALUE(D5),IFERROR((VALUE(LEFT(TRIM(D5),SEARCH(" o ",TRIM(D5))-1))+VALUE(LEFT(MID(TRIM(D5),SEARCH(" o ",TRIM(D5))+3,99),FIND(" ",MID(TRIM(D5),SEARCH(" o ",TRIM(D5))+3,99)&" ")-1)))/2,IFERROR(VALUE(LEFT(TRIM(D5),FIND(" ",TRIM(D5)&" ")-1)),""))))
A6: 46317.533 | B6: 4 | C6: 8 | D6: 2 | G6: =IF(TRIM(B6)="","",IFERROR(VALUE(B6),IFERROR((VALUE(LEFT(TRIM(B6),SEARCH(" o ",TRIM(B6))-1))+VALUE(LEFT(MID(TRIM(B6),SEARCH(" o ",TRIM(B6))+3,99),FIND(" ",MID(TRIM(B6),SEARCH(" o ",TRIM(B6))+3,99)&" ")-1)))/2,IFERROR(VALUE(LEFT(TRIM(B6),FIND(" ",TRIM(B6)&" ")-1)),"")))) | H6: =IF(TRIM(C6)="","",IFERROR(VALUE(C6),IFERROR((VALUE(LEFT(TRIM(C6),SEARCH(" o ",TRIM(C6))-1))+VALUE(LEFT(MID(TRIM(C6),SEARCH(" o ",TRIM(C6))+3,99),FIND(" ",MID(TRIM(C6),SEARCH(" o ",TRIM(C6))+3,99)&" ")-1)))/2,IFERROR(VALUE(LEFT(TRIM(C6),FIND(" ",TRIM(C6)&" ")-1)),"")))) | I6: =IF(TRIM(D6)="","",IFERROR(VALUE(D6),IFERROR((VALUE(LEFT(TRIM(D6),SEARCH(" o ",TRIM(D6))-1))+VALUE(LEFT(MID(TRIM(D6),SEARCH(" o ",TRIM(D6))+3,99),FIND(" ",MID(TRIM(D6),SEARCH(" o ",TRIM(D6))+3,99)&" ")-1)))/2,IFERROR(VALUE(LEFT(TRIM(D6),FIND(" ",TRIM(D6)&" ")-1)),""))))
A7: 46317.533 | B7: 7 | C7: 3 | D7: 7 | G7: =IF(TRIM(B7)="","",IFERROR(VALUE(B7),IFERROR((VALUE(LEFT(TRIM(B7),SEARCH(" o ",TRIM(B7))-1))+VALUE(LEFT(MID(TRIM(B7),SEARCH(" o ",TRIM(B7))+3,99),FIND(" ",MID(TRIM(B7),SEARCH(" o ",TRIM(B7))+3,99)&" ")-1)))/2,IFERROR(VALUE(LEFT(TRIM(B7),FIND(" ",TRIM(B7)&" ")-1)),"")))) | H7: =IF(TRIM(C7)="","",IFERROR(VALUE(C7),IFERROR((VALUE(LEFT(TRIM(C7),SEARCH(" o ",TRIM(C7))-1))+VALUE(LEFT(MID(TRIM(C7),SEARCH(" o ",TRIM(C7))+3,99),FIND(" ",MID(TRIM(C7),SEARCH(" o ",TRIM(C7))+3,99)&" ")-1)))/2,IFERROR(VALUE(LEFT(TRIM(C7),FIND(" ",TRIM(C7)&" ")-1)),"")))) | I7: =IF(TRIM(D7)="","",IFERROR(VALUE(D7),IFERROR((VALUE(LEFT(TRIM(D7),SEARCH(" o ",TRIM(D7))-1))+VALUE(LEFT(MID(TRIM(D7),SEARCH(" o ",TRIM(D7))+3,99),FIND(" ",MID(TRIM(D7),SEARCH(" o ",TRIM(D7))+3,99)&" ")-1)))/2,IFERROR(VALUE(LEFT(TRIM(D7),FIND(" ",TRIM(D7)&" ")-1)),""))))
A8: 46317.533 | B8: 9 | C8: 7 | D8: 1 | G8: =IF(TRIM(B8)="","",IFERROR(VALUE(B8),IFERROR((VALUE(LEFT(TRIM(B8),SEARCH(" o ",TRIM(B8))-1))+VALUE(LEFT(MID(TRIM(B8),SEARCH(" o ",TRIM(B8))+3,99),FIND(" ",MID(TRIM(B8),SEARCH(" o ",TRIM(B8))+3,99)&" ")-1)))/2,IFERROR(VALUE(LEFT(TRIM(B8),FIND(" ",TRIM(B8)&" ")-1)),"")))) | H8: =IF(TRIM(C8)="","",IFERROR(VALUE(C8),IFERROR((VALUE(LEFT(TRIM(C8),SEARCH(" o ",TRIM(C8))-1))+VALUE(LEFT(MID(TRIM(C8),SEARCH(" o ",TRIM(C8))+3,99),FIND(" ",MID(TRIM(C8),SEARCH(" o ",TRIM(C8))+3,99)&" ")-1)))/2,IFERROR(VALUE(LEFT(TRIM(C8),FIND(" ",TRIM(C8)&" ")-1)),"")))) | I8: =IF(TRIM(D8)="","",IFERROR(VALUE(D8),IFERROR((VALUE(LEFT(TRIM(D8),SEARCH(" o ",TRIM(D8))-1))+VALUE(LEFT(MID(TRIM(D8),SEARCH(" o ",TRIM(D8))+3,99),FIND(" ",MID(TRIM(D8),SEARCH(" o ",TRIM(D8))+3,99)&" ")-1)))/2,IFERROR(VALUE(LEFT(TRIM(D8),FIND(" ",TRIM(D8)&" ")-1)),""))))
A9: 46317.533 | B9: 5 vasos | C9: 6 horas | D9: 1 hora | G9: =IF(TRIM(B9)="","",IFERROR(VALUE(B9),IFERROR((VALUE(LEFT(TRIM(B9),SEARCH(" o ",TRIM(B9))-1))+VALUE(LEFT(MID(TRIM(B9),SEARCH(" o ",TRIM(B9))+3,99),FIND(" ",MID(TRIM(B9),SEARCH(" o ",TRIM(B9))+3,99)&" ")-1)))/2,IFERROR(VALUE(LEFT(TRIM(B9),FIND(" ",TRIM(B9)&" ")-1)),"")))) | H9: =IF(TRIM(C9)="","",IFERROR(VALUE(C9),IFERROR((VALUE(LEFT(TRIM(C9),SEARCH(" o ",TRIM(C9))-1))+VALUE(LEFT(MID(TRIM(C9),SEARCH(" o ",TRIM(C9))+3,99),FIND(" ",MID(TRIM(C9),SEARCH(" o ",TRIM(C9))+3,99)&" ")-1)))/2,IFERROR(VALUE(LEFT(TRIM(C9),FIND(" ",TRIM(C9)&" ")-1)),"")))) | I9: =IF(TRIM(D9)="","",IFERROR(VALUE(D9),IFERROR((VALUE(LEFT(TRIM(D9),SEARCH(" o ",TRIM(D9))-1))+VALUE(LEFT(MID(TRIM(D9),SEARCH(" o ",TRIM(D9))+3,99),FIND(" ",MID(TRIM(D9),SEARCH(" o ",TRIM(D9))+3,99)&" ")-1)))/2,IFERROR(VALUE(LEFT(TRIM(D9),FIND(" ",TRIM(D9)&" ")-1)),""))))
A10: 46317.534 | B10: 5 | C10: 6 | D10: 1 | G10: =IF(TRIM(B10)="","",IFERROR(VALUE(B10),IFERROR((VALUE(LEFT(TRIM(B10),SEARCH(" o ",TRIM(B10))-1))+VALUE(LEFT(MID(TRIM(B10),SEARCH(" o ",TRIM(B10))+3,99),FIND(" ",MID(TRIM(B10),SEARCH(" o ",TRIM(B10))+3,99)&" ")-1)))/2,IFERROR(VALUE(LEFT(TRIM(B10),FIND(" ",TRIM(B10)&" ")-1)),"")))) | H10: =IF(TRIM(C10)="","",IFERROR(VALUE(C10),IFERROR((VALUE(LEFT(TRIM(C10),SEARCH(" o ",TRIM(C10))-1))+VALUE(LEFT(MID(TRIM(C10),SEARCH(" o ",TRIM(C10))+3,99),FIND(" ",MID(TRIM(C10),SEARCH(" o ",TRIM(C10))+3,99)&" ")-1)))/2,IFERROR(VALUE(LEFT(TRIM(C10),FIND(" ",TRIM(C10)&" ")-1)),"")))) | I10: =IF(TRIM(D10)="","",IFERROR(VALUE(D10),IFERROR((VALUE(LEFT(TRIM(D10),SEARCH(" o ",TRIM(D10))-1))+VALUE(LEFT(MID(TRIM(D10),SEARCH(" o ",TRIM(D10))+3,99),FIND(" ",MID(TRIM(D10),SEARCH(" o ",TRIM(D10))+3,99)&" ")-1)))/2,IFERROR(VALUE(LEFT(TRIM(D10),FIND(" ",TRIM(D10)&" ")-1)),""))))
A11: 46317.534 | B11: 4 | C11: 9 horas xd | D11: 1 o 2 horas | G11: =IF(TRIM(B11)="","",IFERROR(VALUE(B11),IFERROR((VALUE(LEFT(TRIM(B11),SEARCH(" o ",TRIM(B11))-1))+VALUE(LEFT(MID(TRIM(B11),SEARCH(" o ",TRIM(B11))+3,99),FIND(" ",MID(TRIM(B11),SEARCH(" o ",TRIM(B11))+3,99)&" ")-1)))/2,IFERROR(VALUE(LEFT(TRIM(B11),FIND(" ",TRIM(B11)&" ")-1)),"")))) | H11: =IF(TRIM(C11)="","",IFERROR(VALUE(C11),IFERROR((VALUE(LEFT(TRIM(C11),SEARCH(" o ",TRIM(C11))-1))+VALUE(LEFT(MID(TRIM(C11),SEARCH(" o ",TRIM(C11))+3,99),FIND(" ",MID(TRIM(C11),SEARCH(" o ",TRIM(C11))+3,99)&" ")-1)))/2,IFERROR(VALUE(LEFT(TRIM(C11),FIND(" ",TRIM(C11)&" ")-1)),"")))) | I11: =IF(TRIM(D11)="","",IFERROR(VALUE(D11),IFERROR((VALUE(LEFT(TRIM(D11),SEARCH(" o ",TRIM(D11))-1))+VALUE(LEFT(MID(TRIM(D11),SEARCH(" o ",TRIM(D11))+3,99),FIND(" ",MID(TRIM(D11),SEARCH(" o ",TRIM(D11))+3,99)&" ")-1)))/2,IFERROR(VALUE(LEFT(TRIM(D11),FIND(" ",TRIM(D11)&" ")-1)),""))))
G12: =IF(TRIM(B12)="","",IFERROR(VALUE(B12),IFERROR((VALUE(LEFT(TRIM(B12),SEARCH(" o ",TRIM(B12))-1))+VALUE(LEFT(MID(TRIM(B12),SEARCH(" o ",TRIM(B12))+3,99),FIND(" ",MID(TRIM(B12),SEARCH(" o ",TRIM(B12))+3,99)&" ")-1)))/2,IFERROR(VALUE(LEFT(TRIM(B12),FIND(" ",TRIM(B12)&" ")-1)),"")))) | H12: =IF(TRIM(C12)="","",IFERROR(VALUE(C12),IFERROR((VALUE(LEFT(TRIM(C12),SEARCH(" o ",TRIM(C12))-1))+VALUE(LEFT(MID(TRIM(C12),SEARCH(" o ",TRIM(C12))+3,99),FIND(" ",MID(TRIM(C12),SEARCH(" o ",TRIM(C12))+3,99)&" ")-1)))/2,IFERROR(VALUE(LEFT(TRIM(C12),FIND(" ",TRIM(C12)&" ")-1)),"")))) | I12: =IF(TRIM(D12)="","",IFERROR(VALUE(D12),IFERROR((VALUE(LEFT(TRIM(D12),SEARCH(" o ",TRIM(D12))-1))+VALUE(LEFT(MID(TRIM(D12),SEARCH(" o ",TRIM(D12))+3,99),FIND(" ",MID(TRIM(D12),SEARCH(" o ",TRIM(D12))+3,99)&" ")-1)))/2,IFERROR(VALUE(LEFT(TRIM(D12),FIND(" ",TRIM(D12)&" ")-1)),""))))
G13: =IF(TRIM(B13)="","",IFERROR(VALUE(B13),IFERROR((VALUE(LEFT(TRIM(B13),SEARCH(" o ",TRIM(B13))-1))+VALUE(LEFT(MID(TRIM(B13),SEARCH(" o ",TRIM(B13))+3,99),FIND(" ",MID(TRIM(B13),SEARCH(" o ",TRIM(B13))+3,99)&" ")-1)))/2,IFERROR(VALUE(LEFT(TRIM(B13),FIND(" ",TRIM(B13)&" ")-1)),"")))) | H13: =IF(TRIM(C13)="","",IFERROR(VALUE(C13),IFERROR((VALUE(LEFT(TRIM(C13),SEARCH(" o ",TRIM(C13))-1))+VALUE(LEFT(MID(TRIM(C13),SEARCH(" o ",TRIM(C13))+3,99),FIND(" ",MID(TRIM(C13),SEARCH(" o ",TRIM(C13))+3,99)&" ")-1)))/2,IFERROR(VALUE(LEFT(TRIM(C13),FIND(" ",TRIM(C13)&" ")-1)),"")))) | I13: =IF(TRIM(D13)="","",IFERROR(VALUE(D13),IFERROR((VALUE(LEFT(TRIM(D13),SEARCH(" o ",TRIM(D13))-1))+VALUE(LEFT(MID(TRIM(D13),SEARCH(" o ",TRIM(D13))+3,99),FIND(" ",MID(TRIM(D13),SEARCH(" o ",TRIM(D13))+3,99)&" ")-1)))/2,IFERROR(VALUE(LEFT(TRIM(D13),FIND(" ",TRIM(D13)&" ")-1)),""))))
G14: =IF(TRIM(B14)="","",IFERROR(VALUE(B14),IFERROR((VALUE(LEFT(TRIM(B14),SEARCH(" o ",TRIM(B14))-1))+VALUE(LEFT(MID(TRIM(B14),SEARCH(" o ",TRIM(B14))+3,99),FIND(" ",MID(TRIM(B14),SEARCH(" o ",TRIM(B14))+3,99)&" ")-1)))/2,IFERROR(VALUE(LEFT(TRIM(B14),FIND(" ",TRIM(B14)&" ")-1)),"")))) | H14: =IF(TRIM(C14)="","",IFERROR(VALUE(C14),IFERROR((VALUE(LEFT(TRIM(C14),SEARCH(" o ",TRIM(C14))-1))+VALUE(LEFT(MID(TRIM(C14),SEARCH(" o ",TRIM(C14))+3,99),FIND(" ",MID(TRIM(C14),SEARCH(" o ",TRIM(C14))+3,99)&" ")-1)))/2,IFERROR(VALUE(LEFT(TRIM(C14),FIND(" ",TRIM(C14)&" ")-1)),"")))) | I14: =IF(TRIM(D14)="","",IFERROR(VALUE(D14),IFERROR((VALUE(LEFT(TRIM(D14),SEARCH(" o ",TRIM(D14))-1))+VALUE(LEFT(MID(TRIM(D14),SEARCH(" o ",TRIM(D14))+3,99),FIND(" ",MID(TRIM(D14),SEARCH(" o ",TRIM(D14))+3,99)&" ")-1)))/2,IFERROR(VALUE(LEFT(TRIM(D14),FIND(" ",TRIM(D14)&" ")-1)),""))))
G15: =IF(TRIM(B15)="","",IFERROR(VALUE(B15),IFERROR((VALUE(LEFT(TRIM(B15),SEARCH(" o ",TRIM(B15))-1))+VALUE(LEFT(MID(TRIM(B15),SEARCH(" o ",TRIM(B15))+3,99),FIND(" ",MID(TRIM(B15),SEARCH(" o ",TRIM(B15))+3,99)&" ")-1)))/2,IFERROR(VALUE(LEFT(TRIM(B15),FIND(" ",TRIM(B15)&" ")-1)),"")))) | H15: =IF(TRIM(C15)="","",IFERROR(VALUE(C15),IFERROR((VALUE(LEFT(TRIM(C15),SEARCH(" o ",TRIM(C15))-1))+VALUE(LEFT(MID(TRIM(C15),SEARCH(" o ",TRIM(C15))+3,99),FIND(" ",MID(TRIM(C15),SEARCH(" o ",TRIM(C15))+3,99)&" ")-1)))/2,IFERROR(VALUE(LEFT(TRIM(C15),FIND(" ",TRIM(C15)&" ")-1)),"")))) | I15: =IF(TRIM(D15)="","",IFERROR(VALUE(D15),IFERROR((VALUE(LEFT(TRIM(D15),SEARCH(" o ",TRIM(D15))-1))+VALUE(LEFT(MID(TRIM(D15),SEARCH(" o ",TRIM(D15))+3,99),FIND(" ",MID(TRIM(D15),SEARCH(" o ",TRIM(D15))+3,99)&" ")-1)))/2,IFERROR(VALUE(LEFT(TRIM(D15),FIND(" ",TRIM(D15)&" ")-1)),""))))
G16: =IF(TRIM(B16)="","",IFERROR(VALUE(B16),IFERROR((VALUE(LEFT(TRIM(B16),SEARCH(" o ",TRIM(B16))-1))+VALUE(LEFT(MID(TRIM(B16),SEARCH(" o ",TRIM(B16))+3,99),FIND(" ",MID(TRIM(B16),SEARCH(" o ",TRIM(B16))+3,99)&" ")-1)))/2,IFERROR(VALUE(LEFT(TRIM(B16),FIND(" ",TRIM(B16)&" ")-1)),"")))) | H16: =IF(TRIM(C16)="","",IFERROR(VALUE(C16),IFERROR((VALUE(LEFT(TRIM(C16),SEARCH(" o ",TRIM(C16))-1))+VALUE(LEFT(MID(TRIM(C16),SEARCH(" o ",TRIM(C16))+3,99),FIND(" ",MID(TRIM(C16),SEARCH(" o ",TRIM(C16))+3,99)&" ")-1)))/2,IFERROR(VALUE(LEFT(TRIM(C16),FIND(" ",TRIM(C16)&" ")-1)),"")))) | I16: =IF(TRIM(D16)="","",IFERROR(VALUE(D16),IFERROR((VALUE(LEFT(TRIM(D16),SEARCH(" o ",TRIM(D16))-1))+VALUE(LEFT(MID(TRIM(D16),SEARCH(" o ",TRIM(D16))+3,99),FIND(" ",MID(TRIM(D16),SEARCH(" o ",TRIM(D16))+3,99)&" ")-1)))/2,IFERROR(VALUE(LEFT(TRIM(D16),FIND(" ",TRIM(D16)&" ")-1)),""))))
G17: =IF(TRIM(B17)="","",IFERROR(VALUE(B17),IFERROR((VALUE(LEFT(TRIM(B17),SEARCH(" o ",TRIM(B17))-1))+VALUE(LEFT(MID(TRIM(B17),SEARCH(" o ",TRIM(B17))+3,99),FIND(" ",MID(TRIM(B17),SEARCH(" o ",TRIM(B17))+3,99)&" ")-1)))/2,IFERROR(VALUE(LEFT(TRIM(B17),FIND(" ",TRIM(B17)&" ")-1)),"")))) | H17: =IF(TRIM(C17)="","",IFERROR(VALUE(C17),IFERROR((VALUE(LEFT(TRIM(C17),SEARCH(" o ",TRIM(C17))-1))+VALUE(LEFT(MID(TRIM(C17),SEARCH(" o ",TRIM(C17))+3,99),FIND(" ",MID(TRIM(C17),SEARCH(" o ",TRIM(C17))+3,99)&" ")-1)))/2,IFERROR(VALUE(LEFT(TRIM(C17),FIND(" ",TRIM(C17)&" ")-1)),"")))) | I17: =IF(TRIM(D17)="","",IFERROR(VALUE(D17),IFERROR((VALUE(LEFT(TRIM(D17),SEARCH(" o ",TRIM(D17))-1))+VALUE(LEFT(MID(TRIM(D17),SEARCH(" o ",TRIM(D17))+3,99),FIND(" ",MID(TRIM(D17),SEARCH(" o ",TRIM(D17))+3,99)&" ")-1)))/2,IFERROR(VALUE(LEFT(TRIM(D17),FIND(" ",TRIM(D17)&" ")-1)),""))))
G18: =IF(TRIM(B18)="","",IFERROR(VALUE(B18),IFERROR((VALUE(LEFT(TRIM(B18),SEARCH(" o ",TRIM(B18))-1))+VALUE(LEFT(MID(TRIM(B18),SEARCH(" o ",TRIM(B18))+3,99),FIND(" ",MID(TRIM(B18),SEARCH(" o ",TRIM(B18))+3,99)&" ")-1)))/2,IFERROR(VALUE(LEFT(TRIM(B18),FIND(" ",TRIM(B18)&" ")-1)),"")))) | H18: =IF(TRIM(C18)="","",IFERROR(VALUE(C18),IFERROR((VALUE(LEFT(TRIM(C18),SEARCH(" o ",TRIM(C18))-1))+VALUE(LEFT(MID(TRIM(C18),SEARCH(" o ",TRIM(C18))+3,99),FIND(" ",MID(TRIM(C18),SEARCH(" o ",TRIM(C18))+3,99)&" ")-1)))/2,IFERROR(VALUE(LEFT(TRIM(C18),FIND(" ",TRIM(C18)&" ")-1)),"")))) | I18: =IF(TRIM(D18)="","",IFERROR(VALUE(D18),IFERROR((VALUE(LEFT(TRIM(D18),SEARCH(" o ",TRIM(D18))-1))+VALUE(LEFT(MID(TRIM(D18),SEARCH(" o ",TRIM(D18))+3,99),FIND(" ",MID(TRIM(D18),SEARCH(" o ",TRIM(D18))+3,99)&" ")-1)))/2,IFERROR(VALUE(LEFT(TRIM(D18),FIND(" ",TRIM(D18)&" ")-1)),""))))
G19: =IF(TRIM(B19)="","",IFERROR(VALUE(B19),IFERROR((VALUE(LEFT(TRIM(B19),SEARCH(" o ",TRIM(B19))-1))+VALUE(LEFT(MID(TRIM(B19),SEARCH(" o ",TRIM(B19))+3,99),FIND(" ",MID(TRIM(B19),SEARCH(" o ",TRIM(B19))+3,99)&" ")-1)))/2,IFERROR(VALUE(LEFT(TRIM(B19),FIND(" ",TRIM(B19)&" ")-1)),"")))) | H19: =IF(TRIM(C19)="","",IFERROR(VALUE(C19),IFERROR((VALUE(LEFT(TRIM(C19),SEARCH(" o ",TRIM(C19))-1))+VALUE(LEFT(MID(TRIM(C19),SEARCH(" o ",TRIM(C19))+3,99),FIND(" ",MID(TRIM(C19),SEARCH(" o ",TRIM(C19))+3,99)&" ")-1)))/2,IFERROR(VALUE(LEFT(TRIM(C19),FIND(" ",TRIM(C19)&" ")-1)),"")))) | I19: =IF(TRIM(D19)="","",IFERROR(VALUE(D19),IFERROR((VALUE(LEFT(TRIM(D19),SEARCH(" o ",TRIM(D19))-1))+VALUE(LEFT(MID(TRIM(D19),SEARCH(" o ",TRIM(D19))+3,99),FIND(" ",MID(TRIM(D19),SEARCH(" o ",TRIM(D19))+3,99)&" ")-1)))/2,IFERROR(VALUE(LEFT(TRIM(D19),FIND(" ",TRIM(D19)&" ")-1)),""))))
G20: =IF(TRIM(B20)="","",IFERROR(VALUE(B20),IFERROR((VALUE(LEFT(TRIM(B20),SEARCH(" o ",TRIM(B20))-1))+VALUE(LEFT(MID(TRIM(B20),SEARCH(" o ",TRIM(B20))+3,99),FIND(" ",MID(TRIM(B20),SEARCH(" o ",TRIM(B20))+3,99)&" ")-1)))/2,IFERROR(VALUE(LEFT(TRIM(B20),FIND(" ",TRIM(B20)&" ")-1)),"")))) | H20: =IF(TRIM(C20)="","",IFERROR(VALUE(C20),IFERROR((VALUE(LEFT(TRIM(C20),SEARCH(" o ",TRIM(C20))-1))+VALUE(LEFT(MID(TRIM(C20),SEARCH(" o ",TRIM(C20))+3,99),FIND(" ",MID(TRIM(C20),SEARCH(" o ",TRIM(C20))+3,99)&" ")-1)))/2,IFERROR(VALUE(LEFT(TRIM(C20),FIND(" ",TRIM(C20)&" ")-1)),"")))) | I20: =IF(TRIM(D20)="","",IFERROR(VALUE(D20),IFERROR((VALUE(LEFT(TRIM(D20),SEARCH(" o ",TRIM(D20))-1))+VALUE(LEFT(MID(TRIM(D20),SEARCH(" o ",TRIM(D20))+3,99),FIND(" ",MID(TRIM(D20),SEARCH(" o ",TRIM(D20))+3,99)&" ")-1)))/2,IFERROR(VALUE(LEFT(TRIM(D20),FIND(" ",TRIM(D20)&" ")-1)),""))))
G21: =IF(TRIM(B21)="","",IFERROR(VALUE(B21),IFERROR((VALUE(LEFT(TRIM(B21),SEARCH(" o ",TRIM(B21))-1))+VALUE(LEFT(MID(TRIM(B21),SEARCH(" o ",TRIM(B21))+3,99),FIND(" ",MID(TRIM(B21),SEARCH(" o ",TRIM(B21))+3,99)&" ")-1)))/2,IFERROR(VALUE(LEFT(TRIM(B21),FIND(" ",TRIM(B21)&" ")-1)),"")))) | H21: =IF(TRIM(C21)="","",IFERROR(VALUE(C21),IFERROR((VALUE(LEFT(TRIM(C21),SEARCH(" o ",TRIM(C21))-1))+VALUE(LEFT(MID(TRIM(C21),SEARCH(" o ",TRIM(C21))+3,99),FIND(" ",MID(TRIM(C21),SEARCH(" o ",TRIM(C21))+3,99)&" ")-1)))/2,IFERROR(VALUE(LEFT(TRIM(C21),FIND(" ",TRIM(C21)&" ")-1)),"")))) | I21: =IF(TRIM(D21)="","",IFERROR(VALUE(D21),IFERROR((VALUE(LEFT(TRIM(D21),SEARCH(" o ",TRIM(D21))-1))+VALUE(LEFT(MID(TRIM(D21),SEARCH(" o ",TRIM(D21))+3,99),FIND(" ",MID(TRIM(D21),SEARCH(" o ",TRIM(D21))+3,99)&" ")-1)))/2,IFERROR(VALUE(LEFT(TRIM(D21),FIND(" ",TRIM(D21)&" ")-1)),""))))
G22: =IF(TRIM(B22)="","",IFERROR(VALUE(B22),IFERROR((VALUE(LEFT(TRIM(B22),SEARCH(" o ",TRIM(B22))-1))+VALUE(LEFT(MID(TRIM(B22),SEARCH(" o ",TRIM(B22))+3,99),FIND(" ",MID(TRIM(B22),SEARCH(" o ",TRIM(B22))+3,99)&" ")-1)))/2,IFERROR(VALUE(LEFT(TRIM(B22),FIND(" ",TRIM(B22)&" ")-1)),"")))) | H22: =IF(TRIM(C22)="","",IFERROR(VALUE(C22),IFERROR((VALUE(LEFT(TRIM(C22),SEARCH(" o ",TRIM(C22))-1))+VALUE(LEFT(MID(TRIM(C22),SEARCH(" o ",TRIM(C22))+3,99),FIND(" ",MID(TRIM(C22),SEARCH(" o ",TRIM(C22))+3,99)&" ")-1)))/2,IFERROR(VALUE(LEFT(TRIM(C22),FIND(" ",TRIM(C22)&" ")-1)),"")))) | I22: =IF(TRIM(D22)="","",IFERROR(VALUE(D22),IFERROR((VALUE(LEFT(TRIM(D22),SEARCH(" o ",TRIM(D22))-1))+VALUE(LEFT(MID(TRIM(D22),SEARCH(" o ",TRIM(D22))+3,99),FIND(" ",MID(TRIM(D22),SEARCH(" o ",TRIM(D22))+3,99)&" ")-1)))/2,IFERROR(VALUE(LEFT(TRIM(D22),FIND(" ",TRIM(D22)&" ")-1)),""))))
G23: =IF(TRIM(B23)="","",IFERROR(VALUE(B23),IFERROR((VALUE(LEFT(TRIM(B23),SEARCH(" o ",TRIM(B23))-1))+VALUE(LEFT(MID(TRIM(B23),SEARCH(" o ",TRIM(B23))+3,99),FIND(" ",MID(TRIM(B23),SEARCH(" o ",TRIM(B23))+3,99)&" ")-1)))/2,IFERROR(VALUE(LEFT(TRIM(B23),FIND(" ",TRIM(B23)&" ")-1)),"")))) | H23: =IF(TRIM(C23)="","",IFERROR(VALUE(C23),IFERROR((VALUE(LEFT(TRIM(C23),SEARCH(" o ",TRIM(C23))-1))+VALUE(LEFT(MID(TRIM(C23),SEARCH(" o ",TRIM(C23))+3,99),FIND(" ",MID(TRIM(C23),SEARCH(" o ",TRIM(C23))+3,99)&" ")-1)))/2,IFERROR(VALUE(LEFT(TRIM(C23),FIND(" ",TRIM(C23)&" ")-1)),"")))) | I23: =IF(TRIM(D23)="","",IFERROR(VALUE(D23),IFERROR((VALUE(LEFT(TRIM(D23),SEARCH(" o ",TRIM(D23))-1))+VALUE(LEFT(MID(TRIM(D23),SEARCH(" o ",TRIM(D23))+3,99),FIND(" ",MID(TRIM(D23),SEARCH(" o ",TRIM(D23))+3,99)&" ")-1)))/2,IFERROR(VALUE(LEFT(TRIM(D23),FIND(" ",TRIM(D23)&" ")-1)),""))))
... G201: =IF(TRIM(B201)="","",IFERROR(VALUE(B201),IFERROR((VALUE(LEFT(TRIM(B201),SEARCH(" o ",TRIM(B201))-1))+VALUE(LEFT(MID(TRIM(B201),SEARCH(" o ",TRIM(B201))+3,99),FIND(" ",MID(TRIM(B201),SEARCH(" o ",TRIM(B201))+3,99)&" ")-1)))/2,IFERROR(VALUE(LEFT(TRIM(B201),FIND(" ",TRIM(B201)&" ")-1)),"")))) | H201: =IF(TRIM(C201)="","",IFERROR(VALUE(C201),IFERROR((VALUE(LEFT(TRIM(C201),SEARCH(" o ",TRIM(C201))-1))+VALUE(LEFT(MID(TRIM(C201),SEARCH(" o ",TRIM(C201))+3,99),FIND(" ",MID(TRIM(C201),SEARCH(" o ",TRIM(C201))+3,99)&" ")-1)))/2,IFERROR(VALUE(LEFT(TRIM(C201),FIND(" ",TRIM(C201)&" ")-1)),"")))) | I201: =IF(TRIM(D201)="","",IFERROR(VALUE(D201),IFERROR((VALUE(LEFT(TRIM(D201),SEARCH(" o ",TRIM(D201))-1))+VALUE(LEFT(MID(TRIM(D201),SEARCH(" o ",TRIM(D201))+3,99),FIND(" ",MID(TRIM(D201),SEARCH(" o ",TRIM(D201))+3,99)&" ")-1)))/2,IFERROR(VALUE(LEFT(TRIM(D201),FIND(" ",TRIM(D201)&" ")-1)),""))))
G203: G, H e I salen solas: sacan el número de lo que se escribió («3 vasos» → 3, «1 o 2 horas» → 1.5).

Sheet Patrones v1
C2: Mis patrones saludables
D5: Crea una pestaña llamada | I5: 📗
D6: “Patrones v1”
C8: Variable | G8: Promedio | H8: Máximo | I8: Mínimo
C9: 🥛 | D9: Agua | G9: =IF(COUNT(Datos!$G$2:$G$201)=0,"",ROUND(AVERAGE(Datos!$G$2:$G$201),1)) | H9: =IF(COUNT(Datos!$G$2:$G$201)=0,"",MAX(Datos!$G$2:$G$201)) | I9: =IF(COUNT(Datos!$G$2:$G$201)=0,"",MIN(Datos!$G$2:$G$201))
C10: 😴 | D10: Sueño | G10: =IF(COUNT(Datos!$H$2:$H$201)=0,"",ROUND(AVERAGE(Datos!$H$2:$H$201),1)) | H10: =IF(COUNT(Datos!$H$2:$H$201)=0,"",MAX(Datos!$H$2:$H$201)) | I10: =IF(COUNT(Datos!$H$2:$H$201)=0,"",MIN(Datos!$H$2:$H$201))
C11: 🏃 | D11: Actividad | G11: =IF(COUNT(Datos!$I$2:$I$201)=0,"",ROUND(AVERAGE(Datos!$I$2:$I$201),1)) | H11: =IF(COUNT(Datos!$I$2:$I$201)=0,"",MAX(Datos!$I$2:$I$201)) | I11: =IF(COUNT(Datos!$I$2:$I$201)=0,"",MIN(Datos!$I$2:$I$201))
C13: Comparativa de promedios según nivel de energía | F13: 🔋🧴 | G13: Dibuja aquí tu gráfica de barras 📊
C15: Nivel de energía | F15: Agua
C16: Bajo | F16: =IF(COUNTIF(Datos!$E$2:$E$201,"Bajo")=0,"",ROUND(AVERAGEIF(Datos!$E$2:$E$201,"Bajo",Datos!$G$2:$G$201),1))
C17: Medio | F17: =IF(COUNTIF(Datos!$E$2:$E$201,"Medio")=0,"",ROUND(AVERAGEIF(Datos!$E$2:$E$201,"Medio",Datos!$G$2:$G$201),1))
C18: Alto | F18: =IF(COUNTIF(Datos!$E$2:$E$201,"Alto")=0,"",ROUND(AVERAGEIF(Datos!$E$2:$E$201,"Alto",Datos!$G$2:$G$201),1))
C20: El patrón que encontramos fue…
C21: =IF(COUNT(Datos!$G$2:$G$201)<3,"",IF(OR(F16="",F18=""),IF(OR(COUNTIF(Datos!$H$2:$H$201,">=7")=0,COUNTIF(Datos!$H$2:$H$201,"<7")=0),"",IF(ROUND(AVERAGEIF(Datos!$H$2:$H$201,">=7",Datos!$G$2:$G$201),1)>ROUND(AVERAGEIF(Datos!$H$2:$H$201,"<7",Datos!$G$2:$G$201),1),"Quienes duermen 7 horas o más toman más agua ("&ROUND(AVERAGEIF(Datos!$H$2:$H$201,">=7",Datos!$G$2:$G$201),1)&" vasos) que quienes duermen menos ("&ROUND(AVERAGEIF(Datos!$H$2:$H$201,"<7",Datos!$G$2:$G$201),1)&").",IF(ROUND(AVERAGEIF(Datos!$H$2:$H$201,">=7",Datos!$G$2:$G$201),1)<ROUND(AVERAGEIF(Datos!$H$2:$H$201,"<7",Datos!$G$2:$G$201),1),"Quienes duermen menos de 7 horas toman más agua ("&ROUND(AVERAGEIF(Datos!$H$2:$H$201,"<7",Datos!$G$2:$G$201),1)&" vasos) que quienes duermen 7 o más ("&ROUND(AVERAGEIF(Datos!$H$2:$H$201,">=7",Datos!$G$2:$G$201),1)&").","Duerman mucho o poco, toman la misma agua ("&ROUND(AVERAGEIF(Datos!$H$2:$H$201,">=7",Datos!$G$2:$G$201),1)&" vasos)."))),IF(F18>F16,"Quienes tienen energía ALTA toman más agua ("&F18&" vasos) que quienes la tienen BAJA ("&F16&").",IF(F18<F16,"Quienes tienen energía BAJA toman más agua ("&F16&" vasos) que quienes la tienen ALTA ("&F18&").","Energía alta y baja toman la misma agua ("&F16&" vasos)."))))
